{"epoch/loss": 0.685682475566864, "epoch/sparse_categorical_accuracy": 0.7620199918746948, "epoch/val_loss": 1.171076774597168, "epoch/val_sparse_categorical_accuracy": 0.6419000029563904, "epoch/epoch": 4, "epoch/learning_rate": 0.0010000000474974513, "_timestamp": 1675227701.9724784, "_runtime": 22.994704484939575, "_step": 4, "_wandb": {"runtime": 22}}