{"epoch/loss": 0.47852590680122375, "epoch/sparse_categorical_accuracy": 0.8297200202941895, "epoch/val_loss": 0.5238672494888306, "epoch/val_sparse_categorical_accuracy": 0.8180000185966492, "epoch/epoch": 19, "epoch/learning_rate": 0.0010000000474974513, "_timestamp": 1675234424.8577464, "_runtime": 127.6406934261322, "_step": 19, "_wandb": {"runtime": 127}}