{"epoch/loss": 1.4928162097930908, "epoch/sparse_categorical_accuracy": 0.4731999933719635, "epoch/val_loss": 1.392107367515564, "epoch/val_sparse_categorical_accuracy": 0.5181999802589417, "epoch/epoch": 4, "epoch/learning_rate": 0.0010000000474974513, "_timestamp": 1675232734.314968, "_runtime": 33.01173114776611, "_step": 4, "_wandb": {"runtime": 32}}