{"epoch/loss": 0.8126527070999146, "epoch/sparse_categorical_accuracy": 0.7171800136566162, "epoch/val_loss": 0.8548253774642944, "epoch/val_sparse_categorical_accuracy": 0.7005000114440918, "epoch/epoch": 4, "epoch/learning_rate": 0.0010000000474974513, "_timestamp": 1675232904.3848987, "_runtime": 34.58833169937134, "_step": 4, "_wandb": {"runtime": 34}}