{"epoch/loss": 0.789461612701416, "epoch/sparse_categorical_accuracy": 0.7224199771881104, "epoch/val_loss": 0.8454465866088867, "epoch/val_sparse_categorical_accuracy": 0.7135999798774719, "epoch/epoch": 4, "epoch/learning_rate": 0.0010000000474974513, "_timestamp": 1675230352.9843223, "_runtime": 25.0612313747406, "_step": 4, "_wandb": {"runtime": 24}}