{"epoch/loss": 0.7447410225868225, "epoch/sparse_categorical_accuracy": 0.7385200262069702, "epoch/val_loss": 0.9396169185638428, "epoch/val_sparse_categorical_accuracy": 0.6798999905586243, "epoch/epoch": 4, "epoch/learning_rate": 0.0010000000474974513, "_timestamp": 1675229508.3902462, "_runtime": 23.9290292263031, "_step": 4, "_wandb": {"runtime": 23}}