{"epoch/loss": 0.7124749422073364, "epoch/sparse_categorical_accuracy": 0.7511600255966187, "epoch/val_loss": 0.7770194411277771, "epoch/val_sparse_categorical_accuracy": 0.7404000163078308, "epoch/epoch": 4, "epoch/learning_rate": 0.0010000000474974513, "_timestamp": 1675233454.6202745, "_runtime": 35.12292456626892, "_step": 4, "_wandb": {"runtime": 34}}