{"epoch/loss": 0.725994348526001, "epoch/sparse_categorical_accuracy": 0.7447599768638611, "epoch/val_loss": 0.9391523599624634, "epoch/val_sparse_categorical_accuracy": 0.6796000003814697, "epoch/epoch": 4, "epoch/learning_rate": 0.0010000000474974513, "_timestamp": 1675228933.8684618, "_runtime": 24.33277988433838, "_step": 4, "_wandb": {"runtime": 24}}